,0
0,geohackweek
1,PythonNut
2,kernelmachine
3,shangzhenyang
4,yizhongw
5,liyi14
6,nsteinme
7,alishahusain
8,ICESAT-2HackWeek
9,mwillsey
10,yihozhang
11,dks333
12,aaarendt
13,I-TECH-UW
14,nkalavak
15,austingebauer
16,yizhou-wang
17,mjuric
18,juanklopper
19,gussmith23
20,mollybeach
21,billhowe
22,lsrcz
23,iancovert
24,ashah360
25,Peachball
26,UW-ACL
27,Canelex
28,ardulat
29,gaoliyao
30,gaoliyao
31,jmschrei
32,bkushigian
33,ash-shar
34,andrewmahoneyf
35,terrill
36,safwaant
37,uwnlp
38,mozzy11
39,noxor0
40,sriniiyer
41,stefania11
42,siyuandong16
43,ajijohn
44,uwplse
45,ameyabhamare
46,paulinetrinh
47,melaniewalsh
48,sonminhtran1997
49,drjinying
50,drjinying
51,DrCoffey
52,drdeford
53,mohakbhardwaj
54,huskyroboticsteam
55,Neo-Hao
56,samkaufman
57,mfisher5
58,yeungalan
59,zalmquist
60,iwangy
61,chhayac
62,frangkli
63,mbannick
64,washingtonzhao
65,mandarjoshi90
66,domoritz
67,chrisp-dev
68,Soofiyan
69,Reroot
70,CoderHam
71,aravindr93
72,uwsampl
73,alex-t-l
74,vishwapardeshi
75,explosion33
76,sanathkumarbs
77,ktech99
78,Xiangyu-Gao
79,eywalker
80,mengguo214
81,Jimmt
82,vzhong
83,sm5art
84,hide27k
85,kelebetengida
86,Ashlippers
87,drashevsky
88,anjalibhavan
89,campbellsean
90,donghoon-io
91,lbuckley
92,lethargilistic
93,PPgp
94,niyiyu
95,halessi
96,YenChengLai
97,shahsaumya
98,info201b-2023wi
99,andrewhwang10
100,info-201a-wi23
101,xiaoyizy
102,karangale
103,gordonwatts
104,TiesdeKok
105,schmittlema
106,jayxio
107,Teabeans
108,xjwang-cs
109,leedsjb
110,zlskidmore
111,uw-it-aca
112,SohamPardeshi
113,makeabilitylab
114,bulkypanda
115,bzhang0
116,abx393
117,jessefmoore
118,hansec
119,thaonguyen19
120,ding-lab
121,npatwari
122,PhoebeHu829
123,blake5634
124,uw-echospace
125,nathankutz
126,uw-advanced-robotics
127,Ge0rges
128,kecoli
129,FrantzCFelix
130,wkumler
131,annienobear
132,zjjxsjh
133,Kidusyohanes
134,OriginCode
135,amolsurve20
136,jrardd
137,darshanmehta17
138,ZHANG-EH
139,ray-fung
140,darshanmehta17
141,jolieip
142,ray-fung
143,dspani
144,modons
145,chaseking
146,matthewshang
147,nikhil1699
148,tsor13
149,acannistra
150,malachig
151,siddhss5
152,rjiang98
153,Alexhaoge
154,xycyx
155,djwadhwa
156,therealestkevin
157,fGhezloo
158,ed-dehaan
159,uwwebservices
160,fyerra1
161,stegmanh
162,vcanumalla
163,boru-roylu
164,uw-edu
165,michellecoder
166,caleb-brochu
167,spri902
168,jamespark3922
169,charlessipe
170,shreyaky
171,uwcirg
172,ywzhao2002
173,nickwest
174,aperaltasantos
175,benhills
176,EvelynEZ
177,shaurya2109
178,calvintirrell
179,preetham-v
180,alexholehouse
181,roblburris
182,svteichman
183,poojaram
184,matt-ketk
185,John-Ragland
186,ybot1122
187,solmazsm
188,NanTang1106
189,nissim-panchpor
190,alexholehouse
191,matt-ketk
192,poojaram
193,svteichman
194,John-Ragland
195,nissim-panchpor
196,NanTang1106
197,LauraGwendolynBurch
198,aditya-vk
199,uwsampa
200,NanTang1106
201,solmazsm
202,LauraGwendolynBurch
203,aditya-vk
204,sabahsyed
205,bchasnov
206,mrawls
207,mdwohl
208,emjun
209,helange23
210,jiafei1224
211,kevinjohncutler
212,NCristea
213,helange23
214,shojaie
215,connergillette
216,jre23
217,medhaaga
218,Chabivz
219,ML72
220,ML72
221,JHLee0513
222,ashmrtn
223,praveenv253
224,himsontam
225,Zhiiuu
226,liyu711
227,arnavthareja
228,vsahil
229,yiranni
230,psturmfels
231,joshy409
232,vsahil
233,yiranni
234,sandwichmaker
235,leul7
236,amanaster2
237,anna-neufeld
238,AHuffmyer
239,maetshju
240,AHuffmyer
241,Mgithub89
242,grantdadams
243,valiant87
244,Karkeys360
245,farrmt
246,machineagency
247,uwseds-sp18
248,beoutbreakprepared
249,MichaelEmmert
250,jkcm
251,varunpanicker
252,Zhu-Liu
253,btbeal
254,truont2
255,jacquesdebar
256,tailonghe
257,jfcrenshaw
258,ScottyS06
259,uwcnc
260,Quantitative-Conservation-Lab
261,jfcrenshaw
262,uweb
263,cmavrogiannis
264,cahnrswebteam
265,ndelaire
266,SanyamSavla
267,ajd98
268,hungchun-lin
269,MalcolmWolff
270,ajbaird
271,nathan-yan
272,jonahquist
273,sunrey32
274,njweber2
275,briesenberg07
276,wilbertsible
277,GentlemanXu
278,jyang32
279,tjbencomo
280,briesenberg07
281,xliucs
282,jyang32
283,lakshmiDRIP
284,Victor-Avelar
285,andre-ye
286,RobertCordingly
287,adams1971
288,caseyfee
289,blthayer
290,nursaids
291,jackwma
292,egraham96
293,aspentng
294,galenweld
295,BunsenFeng
296,olgahwang
297,LeonXu260
298,CameronDevine
299,oriondollar
300,ryjtoh
301,shuyinggg
302,Lyonsupernova
303,yangzhou95
304,evtimovi
305,CailinBellWold
306,uw-x
307,liust97
308,aromatic-toast
309,wileng
310,7HE-W0R1D
311,velgueta
312,aparnell0130
313,shendurelab
314,hiranumn
315,jhorthos
316,anushnap
317,boycao
318,anton5798
319,matthew-liu
320,codymichaud
321,UW-geophysics-edu
322,j1lin0101
323,q8888620002
324,SamLovesCoding2
325,carlodelmundo-zz
326,liban-jama
327,odingol
328,JohnCEarls
329,tylee-fdcl
330,odingol
331,JohnCEarls
332,tylee-fdcl
333,kalealex
334,slubold
335,EricaEgg
336,lsetiawan
337,The-Shy7
338,aishwarya-singh25
339,ASwartz14
340,ubicomplab
341,leesegal95
342,JiayuanGuo
343,UW-Libraries
344,ASwartz14
345,salihtutun
346,DragonLiu1995
347,Anthony2018
348,froeschele
349,mjkekai
350,froeschele
351,uwdb
352,mjkekai
353,NGorsline
354,abhaybd
355,kentdanas
356,AniruddhNathani
357,ari-holtzman
358,tychen24
359,nicomalig
360,lincoln-harris
361,sjonany
362,uwhackweek
363,robfatland
364,mperez68
365,chenyinuosjtu
366,swyatt7
367,anantmittal
368,aashimamehta
369,adblackwell
370,uwtcat
371,Ianhadden
372,lola-violet
373,ameliaduvall
374,WilliamCrownover
375,hynesconnor
376,SherveenMehrvarzan
377,AndyTza
378,cainja
379,shilewenuw
380,UWAppDev
381,cainja
382,zhihua-zheng
383,saranshsolanki
384,birolezgin
385,uwb-linux
386,GuestG
387,smturbev
388,vpeddu
389,andrewc91
390,andrewc91
391,kaywall19
392,gabeerion
393,diana-iulia
394,tedxuofw
395,a-stepin
396,HaoyangChen
397,sejudav20
398,melodysu83
399,wenjalan
400,MehakKambo
401,annethro
402,aayushshah823
403,jkbest2
404,stuberlab
405,MaryVPie
406,DrewBefore
407,liucaouw
408,9KelvinN
409,OjasRamwala
410,mdaigle
411,stiber
412,9KelvinN
413,CocoLee2
414,wceriale
415,bunsanphe
416,armandojhc
417,luuuk
418,anushreeshuk
419,h82lin
420,h82lin
421,JennyPng
422,tenzinhl
423,kusche12
424,ask710
425,sbslee
426,Ruotongw
427,wabarr
428,uw-biorobotics
429,mitchellorsucci
430,sniperwrb
431,RaghavSomani
432,sbslee
433,MacRichards
434,aarchie1
435,ilyublinsky
436,joelbd
437,dataanalyst4lyfe
438,moecory11
439,teejclark
440,moecory11
441,spencerpease
442,Kristine-1977
443,koennjb
444,uw-cryo
445,KangJay
446,eteitelbaum
447,urmikakasi
448,Evirir
449,sarallelagram
450,szsong
451,Nickcostanza
452,ishaanp9
453,haonanzhang-vv
454,Angie-B
455,0xyyyy
456,Larsvanderlaan
457,AmyChengg
458,hhelmbre
459,MattWallingford
460,evrhel
461,KentZeng123
462,UWMooneyLab
463,alexhvzr
464,FowlerLab
465,Madhavic1
466,AndrewBeers
467,tomthorogood
468,znicolaou
469,blueal
470,elhazen
471,reshmasivakumar
472,chrisjm093
473,DavidZhai
474,lpiep
475,sike417
476,UW-HPC
477,mteubnerfoster
478,WUSTL-ORL
479,jrodguez
480,jjanizek
481,cranzy
482,ekinugurel
483,jask5
484,faezeamin
485,afroozrahmati
486,kimlong0
487,snitkdan
488,lambiond
489,jamesharnett-zz
490,PhilipChoiFelipe
491,itsM0253
492,eandrusz
493,GanshengT
494,CptWang
495,efran
496,yehgen
497,meredith-wenjunwu
498,jbkalmbach
499,bhl00
500,bhl00
501,Bram-G
502,meredith-wenjunwu
503,aashildte
504,melonhead901
505,juran321
506,manjhawar96
507,JoeyFlygare
508,tylerhoecker
509,TheRealDrDre
510,memmelma
511,mckinnonwilliams
512,darsh12
513,TheRealDrDre
514,meeree
515,marysa
516,mattakamatsu
517,elischwat
518,Donnastjames
519,SageMay
520,joefinlon
521,Donnastjames
522,Pop101
523,SageMay
524,AstralGnome
525,NickNagy
526,kimikofarmer
527,c1008h
528,CSE512-14W
529,shettyprithvi
530,michael-hart99
531,c1008h
532,shettyprithvi
533,marlinfiggins
534,shrawansher
535,mgoodner
536,mbeaver502
537,akashkpuri
538,ewhinihan
539,jayponder
540,echandlerdavis
541,Moetive
542,FThompson
543,shinbutou
544,wheelsam
545,nivdungebhagyashri
546,LeoZhengZLY
547,uw-acme
548,J-Alv
549,udubacm
550,melihyilmaz
551,ipl-uw
552,jadedsouza
553,janejacobsen
554,aemelialialia
555,rioishii
556,Ashwin0794
557,jerryyvn
558,Gavin867
559,yanchiwei
560,yanchiwei
561,charlottehulseman
562,dongyangwang30
563,greycabb
564,griffinryan
565,rdkibler
566,Joseph-Schafer
567,wjlloyd
568,krowngold
569,dwinasolihin
570,BoazWu
571,Bjournaux
572,krowngold
573,dwinasolihin
574,wjlloyd
575,grantneuman
576,misaugstad
577,mattheson
578,midfies
579,alyssahellrung
580,averygwolf
581,aubrey-rigby
582,elliottdebruin
583,audreymking
584,csaben
585,KuoHaoZeng
586,HanwenXuTHU
587,naldojoseph
588,kijohnson
589,kartika12
590,shallinan1
591,kns94
592,Adonay12
593,ben-zen
594,nghitrampham
595,tintinp
596,rootrUW
597,alexanderlao
598,Monacr
599,ooi-data
600,ooi-data
601,melvenis
602,TragerJoswig-Jones
603,vzakhozhyi
604,Parkerba
605,BobbyLangan
606,vxmao87
607,ifigon
608,jairo8925
609,chloe-y3
610,Daniibooii
611,olivertjalve
612,dflemin3
613,torinfs
614,msr102087
615,Hayden-coder
616,mkyl
617,hmyin516
618,hemilg
619,stephenstengel
620,austinulfers
621,philneff
622,hemilg
623,hmyin516
624,jingyany
625,stephenstengel
626,Aleph-Null-123
627,ahmadesh
628,luonganthony
629,adibble14
630,ThomasLuk1
631,fjsantam
632,MeganEDuffy
633,KiloLimaFoxtrot
634,XiyaoYang
635,sarthakturkhia
636,LingshuHu
637,YxWuChris
638,98yangjames
639,davidsaelee77
640,pathiratk
641,Nackles
642,andrewbarker516
643,kimsdo7
644,derryc09
645,CD6-timury
646,Namees-aLbayati
647,DeboBurro
648,oerdal
649,danielstewart914
650,JeffreyCNL
651,hrnasif
652,danielstewart914
653,CRZaug
654,Tahirzadeh
655,UWAA
656,SahanaVBhat
657,AshleyWhaley
658,huijie717
659,jiayi-wang98
660,ndobb
661,bremnerdc
662,nando49
663,RobertKelly03
664,TheJollyReaper
665,mandrewartha
666,mmaccoun
667,Dardin-dale
668,omarshaban0
669,pce-uw-jscript400
670,aryaa-rajouria
671,omarshaban0
672,share1992
673,DataCascadia
674,pce-uw-jscript400
675,ThomasLuk1
676,fjsantam
677,MeganEDuffy
678,KiloLimaFoxtrot
679,XiyaoYang
680,MeganEDuffy
681,MalekItani
682,sarthakturkhia
683,YxWuChris
684,LingshuHu
685,AgentSamSA
686,davidngo123
687,davidsaelee77
688,kearnsw
689,Alessioryan
690,tengjuilin
691,WUSTL-EMED
692,NicholasBoren
693,davidngo123
694,thakremanas
695,Alessioryan
696,rjswallow
697,jacksolaro
698,CocoaCommander
699,kevintechie
700,ischooluw
701,UWOneLaptop
702,taekjunkim
703,palashgujrathi
704,jeansalac
705,carlossama
706,wmwassmann
707,areitan
708,meybax
709,kjy5
710,carlossama
711,ed-sivick
712,giangtle
713,anshulck03
714,tuthill-lab
715,UMWComputerScience
716,geekzeek
717,DanPGolden
718,ajanders
719,DataOceanLab
720,hzy86
721,ryanshappell
722,spfrantz
723,Nance-Lab
724,Stingxming
725,yuzhego
726,TheMikeMerrill
727,HazardousPeach
728,JessicaZhu2
729,yy6linda
730,binfoo1993
731,HazardousPeach
732,G206
733,JakubSzark
734,reedan88
735,hrzhao76
736,alanlicz
737,krpaulson
738,kelvinhsung
739,uwhgis
740,jiayu0109
741,icequeen101
742,zhchenseven
743,gedeguz007
744,nlstrait
745,sichinaga
746,chris-addison
747,melodi-lab
748,doliinychenko
749,alexjvan
750,hayam1988
751,sandeshAdhikary
752,ijmelhorn
753,alexjvan
754,LucilleN
755,royseo
756,PatrickBanez
757,tbond4
758,mike3651
759,UW-IUGA
760,arkadyretik
761,hallerhc
762,Msas12
763,lukewuri
764,HusseinSahib
765,UWFosterIT
766,ZhongdiChu
767,hiayami
768,aidanjohnson
769,poojashrivastava10
770,lihaoxin2020
771,HusseinSahib
772,UWFosterIT
773,sscien
774,scottwat86
775,MarisaHanna
776,aidanjohnson
777,hanseaston
778,amoghdave
779,UmarIqbal
780,hanseaston
781,UmarIqbal
782,william-galvin
783,albertklam
784,ashru
785,mojosie7862
786,saffolder
787,clayboyd06
788,tientang
789,CamronStaley
790,UW-Biol419-Wi2017
791,spushpak
792,grantmwilliams38
793,shirley1988
794,Taylor25et
795,danbunnell
796,jeffherron
797,JoshuaAtherton
798,EthanPilz
799,jhart6
800,mbessex
801,Logo251
802,kmandyam
803,Java206
804,wbfulton
805,UWMRO
806,jaryen
807,gregorp
808,charuari
809,suberlak
810,Dan-Tran
811,heetpalod
812,kmandyam
813,muatasimqazi
814,dyalia
815,deweesd
816,conor-sheridan
817,skdreier
818,IrtiHaq
819,WenyiSun520
820,shiyi-liu
821,IrtiHaq
822,anitachengalva
823,Maeziii
824,jadie-github
825,Akshita2906
826,wumcrc
827,beggers-zzz
828,UW-PSI
829,Yonathan-Checkole
830,wumcrc
831,RahulPil
832,Akshita2906
833,jgao222
834,beggers-zzz
835,brandonwkerns
836,SuiliangM
837,ying-y
838,sreesindhu-sabbineni
839,taquayle
840,samtompk
841,LanceMuch7
842,rayjaelee
843,harben31
844,htjohn
845,asmahmad
846,softpotato
847,uw-dims
848,EthanInSeattle
849,ashleyvarma
850,harben31
851,keyman9
852,htjohn
853,kathylt
854,lenad90
855,yang-yangfeng
856,vishankrug
857,grace-ac
858,DaniyalZulfiqar
859,lqiany
860,romilkinger
861,kittyyli
862,kevinwork98
863,ChrisMantegna
864,devenmaheshwari
865,oliviapy960825
866,maxsweil
867,sarahwallingbell
868,Proguranto
869,dnguyenftw
870,romilkinger
871,JennaCastillo
872,oliviapy960825
873,maxsweil
874,TanukiBeats
875,antonbezr
876,GarzaNate
877,bernardinelli
878,datalex88
879,pouriag
880,atchan24
881,bernardinelli
882,graphitical
883,datalex88
884,amitanand
885,JennaCastillo
886,ethanancell
887,uwdesign
888,A-Kannika
889,jacobdeleon12
890,jacobdeleon12
891,proleu
892,mozini206
893,Bhattb2
894,uwdesign
895,A-Kannika
896,scheuerell-lab
897,linj66
898,mmckay18
899,elisesaxon
900,elisesaxon
901,Bhattb2
902,shimaabadi
903,lkhwa
904,TaraWilson17
905,qiuweipku
906,tascha
907,finchnSNPs
908,benitezmarcos
909,k4vya
910,yashmanne
911,jeffyjahfar
912,RBB2
913,gaigekerr
914,itsyeonjoon
915,UW-THINKlab
916,cse481wi18
917,galelab
918,CapitalistLepton
919,UWEnrollmentManagement
920,riffelllab
921,UWEnrollmentManagement
922,armbrustlab
923,jaydh
924,Kyenel64
925,Brandon-Soledad
926,JonBatch
927,WSU-HELPLAB
928,cse481wi19
929,cindyyeh
930,cindyyeh
931,cheejen93
932,TCW417
933,uwnelljy
934,homewrk
935,msshriner
936,knrakshitha
937,cprend
938,Evigold
939,Yubo-W
940,jacob-evarts
941,eninodel
942,ashikaro
943,eander462
944,sashasmol
945,jaredlim54
946,angelasun2
947,jeremylu43
948,maryamamiri114
949,yashasvi17
950,Cnovotn
951,shreyashnigam
952,josemceb
953,nxanttopoulos
954,ryanrwatkins
955,wingsofaman
956,Chike-Egwuatu
957,ashwin-srinivas7
958,yuyenchu
959,FarhadPishgar
960,HenokA22
961,StefanTodoran
962,hanchett
963,yuyenchu
964,kaydengrant
965,valenotary
966,YutaoMa
967,aytula
968,BaneII
969,StephenMorrisGIT
970,Tutu1995
971,tannerjhuck
972,hanchett
973,jamesswartwood
974,Brain-Development-and-Disorders-Lab
975,nphilip1098
976,1fanj
977,AryehMiller
978,ssterrett
979,adamkucz
980,Kushagra16
981,Mark-Guan
982,bisrat09
983,srishtyy
984,gdphale
985,yan530
986,ssterrett
987,rhamilt
988,adamkucz
989,parthgu
